{
    "loss": 1.1646877527236938,
    "accuracy": 0.8534482717514038
}