{
    "loss": 4.663558006286621,
    "accuracy": 0.6724137663841248
}